index	label	text
0	1	KWFKKIPKFLHLAKKF
1	1	KWKLFKKIGPGKFLHSAKKF
2	1	KWKLFKKIPFLHLAKKF
3	1	KWKLFKKIPLAKKF
4	1	MWKWFHNVLSWWWLLADKRPARDYNRK
5	1	WKKIPKFLHLLKKF
6	1	ALWKDILKNVGKAAGKAVLNTVTDMVNQ
7	1	ALWKNMLKGIGKLAGQAALGAVKTLVGA
8	1	ESFSDWWKLLAE
9	1	FAFGKGIGKVGKKLL
10	1	FAKALAKLAKKLL
11	1	FAKIIAKIAKKI
12	1	FAKKLAKKLAKAL
13	1	FAKKLAKKLKKLAKKLAKLAKKL
14	1	FAKKLAKKLKKLAKLALAL
15	1	FAKKLAKLAKKALAL
16	1	FAKKLAKLALKLAKL
17	1	FAKKLLAKALKL
18	1	FAKLLAKALKKAL
19	1	FAKLLAKFLKKAL
20	1	FAKLLAKLAKAKA
21	1	FAKLLAKLAKKAA
22	1	FAKLLAKLAKKEL
23	1	FALALKALKKLAKKLKKLAKKAL
24	1	FALALKLAKKL
25	1	FVDLKKIANIINSIF
26	1	GIGKFLHSAKKFGKAFVGEIMNS
27	1	GLFAVIKKVAAVIKKL
28	1	GLFAVIKKVASVIGGL
29	1	GLFDIVKKIAGHIAGSI
30	1	GLFDVIKAVASVIGGL
31	1	GLFDVIKKVAAVIGGL
32	1	GLFDVIKKVASVIKGL
33	1	GLFGKLIKKFGRKAISYAVKKARGKH
34	1	KAAKKAWKAAKKAAKWWKKAA
35	1	KAAKKWAKAWKKAAKAWKKAA
36	1	KAKLAKKALAKLL
37	1	KQLIRFLKRLDRNGGGKLLLKLLKKLLKLLKKK
38	1	KRLRRVWRRWR
39	1	KSCCKNTTGRNIYNTCRFAGGSRERCAKLSGCKIISASTCPSDYPK
40	1	KSCCPNTTGRNIYNACRLTGAPRPTCAKLSGCKIISGSTCPSDYPK
41	1	KSCCPNTTGRNIYNTCRFGGGSREVCARISGCKIISASTCPSDYPK
42	1	KSCCPNTTGRNIYNTCRLTGSSRETCAKLSGCKIISASTCPSNYPK
43	1	KVKVKVKVPPTKVKVKVK
44	1	KWKSFAKTFKSAKKTVLHTALKAISS
45	1	KWKSFLKTFKSAKKTVAHTAAKAISS
46	1	KWKSFLKTFKSLKKTVLHTLLKLISS
47	1	KWKVFKKIEKMGRNIRNGIVKAGPAIAVLGEAKAL
48	1	LLAGLAANFLPTIICKISYKC
49	1	LTFSDWWKLLAE
50	1	MNFQQRLQSLWTLARPFCPPLLATASQMQMVVLPCLGFTLLLWSQVSGAQGQEFHFGPCQVKGVVPQKLWEAFWAVKDTMQAQDNITSARLLQQEVLQNVSDAESCYLVHTLLEFYLKTVFKNYHNRTVEVRTLKSFSTLANNFVLIVSQLQPSQENEMFSIRDSAHRRFLLFRRAFKQL
51	1	PAARKAFRWAWRMLKKAA
52	1	PAWFKARRWAWRMKKLAA
53	1	PAWRKAARWAWRMLKKAA
54	1	PAWRKAFRAAWRMLKKAA
55	1	PAWRKAFRWAKRMLKKAA
56	1	PAWRKAFRWAWRMKKLAA
57	1	PEWFKCRRWQWRMKKLGA
58	1	RGDLLRHVVKILEKYL
59	1	THRPPMWSPVWPGGGKLLLKLLKKLLKLLKKK
60	1	VAKFLAKFLKKAL
61	1	VAKKFAKKFKKFAKKFAKFAFAF
62	1	VAKKLAKLAKKLAKLALAL
63	1	VAKLLAKLAKKLL
64	1	VALALKALKKALKKLKKALKKAL
65	1	YHWYGYTPQNVIGGGKLLLKLLKKLLKLLKKK
66	1	AFGMALKLLKKVL
67	1	GFFALIPKIISSPLFKTLLSAVGSALS
68	1	GFGMALOLLOOVL
69	1	GFIFHIIKGLFHAGKMIHGLV
70	1	GFKMALKLLKKVL
71	1	GIIKKIIIKKIIIKKI
72	1	GIIKKIIKKIIKKIIKKI
73	1	GKFMSLLKHILK
74	1	GKWKKILGHLIR
75	1	GKWKKILGKLIR
76	1	GKWMSLLKHIWK
77	1	GKWSKILGKLIR
78	1	GMWSKILGHLIK
79	1	GMWSKILGHLKR
80	1	KMWSKILGHLIR
81	1	KNWKKILGKIIKVVK
82	1	NVWKKILGKIIKVVK
83	1	TRSSRAGLQWPVGRVHRLLRKGGC
84	1	VNWKKILKKIIKVVK
85	1	VNWOOILGOIIOVVO
86	1	VYWKKILGKIIKVVK
87	1	YGRKKRRQRRR
88	1	FLGWLFKWAKK
89	1	LTFEHYWAQLTS
90	1	PDEDAINNALNKVCSTGRRQRSICKQLLKK
91	1	PRAWEYWLRLME
92	1	PRFWEAWLRLME
93	1	PRFWEYALRLME
94	1	PRFWEYWLALME
95	1	PRFWEYWLRAME
96	1	PRFWEYWLRLAE
97	1	QETFSDLWKLLP
98	1	GLLSVLGSVAKHVLPHVVPVIAEHL
99	1	KLLLKLKLKLLK
100	1	KLLRLLKKLLRLLLK
101	1	KWKLFKKIGIGKFLHLAKKF
102	1	DDALRRLLRRLLRRL
103	1	LKKLLKKLLKKL
104	1	LLGDFFRKSKEK
105	1	GLLGLLGSVVSHVLPAITQHL
106	1	KILRGVAKKILRTFLRRISKDILTGKK
107	1	KISKRILTGKK
108	1	VAKALKALLKALKAL
