SEQUENCE,CANCER TYPE
KWFKKIPKFLHLAKKF,Blood
KWKLFKKIGPGKFLHSAKKF,Blood
KWKLFKKIPFLHLAKKF,Blood
KWKLFKKIPKFLH,Blood
KWKLFKKIPKFLHL,Blood
KWKLFKKIPKFLHLA,Blood
KWKLFKKIPKFLHLAK,Blood
KWKLFKKIPKFLHLAKK,Blood
KWKLFKKIPKFLHSAKKF,Blood
KWKLFKKIPLAKKF,Blood
KWKLFKKIPLHLAKKF,Blood
KWKLFKKIPLKKF,Blood
KWKLFKKISKFLHLAKKF,Blood
MWKWFHNVLSWWWLLADKRPARDYNRK,Blood
WFKKIPKFLHLAKKF,Blood
WKKIPKFLHLAKKF,Blood
WKKIPKFLHLLKKF,Blood
WKLFKKIPKFLHLAKKF,Blood
ALWKDILKNVGKAAGKAVLNTVTDMVNQ,Breast
ALWKNMLKGIGKLAGQAALGAVKTLVGA,Breast
DEVD,Breast
ESFSDWWKLLAE,Breast
FAFGKGIGKVGKKLL,Breast
FAGLAANFLPTIICKISYKC,Breast
FAKALAKLAKKLL,Breast
FAKIIAKIAKKI,Breast
FAKKLAKALL,Breast
FAKKLAKKAKLAKKL,Breast
FAKKLAKKLAKAL,Breast
FAKKLAKKLAKLL,Breast
FAKKLAKKLKKLAKKLAK,Breast
FAKKLAKKLKKLAKKLAKLAKKL,Breast
FAKKLAKKLKKLAKKLAKLALAL,Breast
FAKKLAKKLKKLAKLALAL,Breast
FAKKLAKKLL,Breast
FAKKLAKLAKKALAL,Breast
FAKKLAKLAKKL,Breast
FAKKLAKLAKKLAKAL,Breast
FAKKLAKLALKLAKL,Breast
FAKKLKKLAKKL,Breast
FAKKLLAKALKL,Breast
FAKLA,Breast
FAKLAKKLL,Breast
FAKLF,Breast
FAKLLAKALKKAL,Breast
FAKLLAKALKKFL,Breast
FAKLLAKALKKL,Breast
FAKLLAKFLKKAL,Breast
FAKLLAKKLL,Breast
FAKLLAKLAK,Breast
FAKLLAKLAKAKA,Breast
FAKLLAKLAKAKG,Breast
FAKLLAKLAKK,Breast
FAKLLAKLAKKAA,Breast
FAKLLAKLAKKAL,Breast
FAKLLAKLAKKEL,Breast
FAKLLAKLAKKGL,Breast
FAKLLAKLAKKIL,Breast
FAKLLAKLAKKL,Breast
FAKLLAKLAKKSL,Breast
FAKLLAKLAKKVL,Breast
FALA,Breast
FALALKA,Breast
FALALKAKKL,Breast
FALALKALKK,Breast
FALALKALKKA,Breast
FALALKALKKAL,Breast
FALALKALKKL,Breast
FALALKALKKLAKKLKKLAKKAL,Breast
FALALKALKKLLKKLKKLAKKAL,Breast
FALALKLAKKL,Breast
FALALKLKKL,Breast
FALKALKK,Breast
FALKALKKAL,Breast
FALKALKKLKKALKKAL,Breast
FALLKL,Breast
FGKGIGKVGKKLL,Breast
FKVKFKVKVK,Breast
FVDLKKIANIINSIF,Breast
GIGKFLHSAKKFGKAFVGEIMNS,Breast
GLFAVIKKVAAVIKKL,Breast
GLFAVIKKVAKVIKKL,Breast
GLFAVIKKVASVIGGL,Breast
GLFAVIKKVASVIKGL,Breast
GLFAVIKKVASVIKKL,Breast
GLFDIVKKIAGHIAGSI,Breast
GLFDIVKKIAGHIASSI,Breast
GLFDVIKAVASVIGGL,Breast
GLFDVIKKVAAVIGGL,Breast
GLFDVIKKVASVIKGL,Breast
GLFDVIKKVASVIKKL,Breast
GLFGKLIKKFGRKAISYAVKKARGKH,Breast
GLFKVIKKVASVIGGL,Breast
KAAKKAWKAAKKAAKWWKKAA,Breast
KAAKKWAKAWKKAAKAWKKAA,Breast
KAKLAKKALAKLL,Breast
KAKLF,Breast
KFKKLAKKF,Breast
KFKKLAKKW,Breast
KKVVFKVKFK,Breast
KLLLKLLKKLLKLLKKK,Breast
KQLIRFLKRLDRNGGGKLLLKLLKKLLKLLKKK,Breast
KRLRRVWRRWR,Breast
KSCCKNTTGRNIYNTCRFAGGSRERCAKLSGCKIISASTCPSDYPK,Breast
KSCCPNTTGRNIYNACRLTGAPRPTCAKLSGCKIISGSTCPSDYPK,Breast
KSCCPNTTGRNIYNTCRFAGGSRERCAKLSGCKIISASTCPSDYPK,Breast
KSCCPNTTGRNIYNTCRFGGGSREVCARISGCKIISASTCPSDYPK,Breast
KSCCPNTTGRNIYNTCRLTGSSRETCAKLSGCKIISASTCPSNYPK,Breast
KVKVKVKVPPTKVKVKVK,Breast
KWFKKIPKFLHLAKKF,Breast
KWKLF,Breast
KWKLFKKIGPGKFLHSAKKF,Breast
KWKLFKKIPFLHLAKKF,Breast
KWKLFKKIPKFLH,Breast
KWKLFKKIPKFLHL,Breast
KWKLFKKIPKFLHLA,Breast
KWKLFKKIPKFLHLAK,Breast
KWKLFKKIPKFLHLAKK,Breast
KWKLFKKIPKFLHSAKKF,Breast
KWKLFKKIPLAKKF,Breast
KWKLFKKIPLHLAKKF,Breast
KWKLFKKIPLKKF,Breast
KWKLFKKISKFLHLAKKF,Breast
KWKSFAKTFKSAKKTVLHTALKAISS,Breast
KWKSFLKTFKSAKKTVAHTAAKAISS,Breast
KWKSFLKTFKSAKKTVAHTALKAISS,Breast
KWKSFLKTFKSAKKTVLHTALKAISS,Breast
KWKSFLKTFKSAKKTVLHTLLKAISS,Breast
KWKSFLKTFKSLKKTVLHTLLKLISS,Breast
KWKVFKKIEKMGRNIRNGIVKAGPAIAVLGEAKAL,Breast
LKKLAKLALAF,Breast
LLAGLAANFLPTIICKISYKC,Breast
LLRHVVKILEKYL,Breast
LLRHVVKILSKYL,Breast
LTFSDWWKLLAE,Breast
MNFQQRLQSLWTLARPFCPPLLATASQMQMVVLPCLGFTLLLWSQVSGAQGQEFHFGPCQVKGVVPQKLWEAFWAVKDTMQAQDNITSARLLQQEVLQNVSDAESCYLVHTLLEFYLKTVFKNYHNRTVEVRTLKSFSTLANNFVLIVSQLQPSQENEMFSIRDSAHRRFLLFRRAFKQL,Breast
MWKWFHNVLSWWWLLADKRPARDYNRK,Breast
PAARKAFRWAWRMLKKAA,Breast
PAWFKARRWAWRMKKLAA,Breast
PAWRKAARWAWRMLKKAA,Breast
PAWRKAFRAAWRMLKKAA,Breast
PAWRKAFRKAWRMLKKAA,Breast
PAWRKAFRWAKRMLKKAA,Breast
PAWRKAFRWAWRMKKLAA,Breast
PAWRKAFRWAWRMLKKAA,Breast
PAWRKARRWAWRMKKLAA,Breast
PEWFKCRRWQWRMKKLGA,Breast
RGDLLRHVVKILEKYL,Breast
RRRRRNWMWC,Breast
RRRRRWCMNW,Breast
RWRWRWRW,Breast
THRPPMWSPVWPGGGKLLLKLLKKLLKLLKKK,Breast
VAKFLAKFLKKAL,Breast
VAKKFAKKFKKFAKKFAKFAFAF,Breast
VAKKLAKLAKKLAKLAL,Breast
VAKKLAKLAKKLAKLALAL,Breast
VAKKLAKLAKKLLAL,Breast
VAKLLAKLAKKLL,Breast
VALALKALKKALKKLKKALKKAL,Breast
VALALKALKKL,Breast
WALAL,Breast
WFKKIPKFLHLAKKF,Breast
WKKIPKFLHLAKKF,Breast
WKKIPKFLHLLKKF,Breast
WKLFKKIPKFLHLAKKF,Breast
WRWRWRWRW,Breast
YHWYGYTPQNVIGGGKLLLKLLKKLLKLLKKK,Breast
AFGMALKLLKKVL,Cervical
CAHNLTHAC,Cervical
CHANLTHAC,Cervical
CHHALTHAC,Cervical
CHHNATHAC,Cervical
CHHNLAHAC,Cervical
CHHNLTAAC,Cervical
CHHNLTHAC,Cervical
FAFGKGIGKVGKKLL,Cervical
FAKALAKLAKKLL,Cervical
FAKIIAKIAKKI,Cervical
FAKKLAKALL,Cervical
FAKKLAKKAKLAKKL,Cervical
FAKKLAKKLAKAL,Cervical
FAKKLAKKLAKLL,Cervical
FAKKLAKKLKKLAKKLAK,Cervical
FAKKLAKKLKKLAKKLAKLAKKL,Cervical
FAKKLAKKLKKLAKKLAKLALAL,Cervical
FAKKLAKKLKKLAKLALAL,Cervical
FAKKLAKKLL,Cervical
FAKKLAKLAKKALAL,Cervical
FAKKLAKLAKKL,Cervical
FAKKLAKLAKKLAKAL,Cervical
FAKKLAKLALKLAKL,Cervical
FAKKLKKLAKKL,Cervical
FAKKLLAKALKL,Cervical
FAKLA,Cervical
FAKLAKKLL,Cervical
FAKLF,Cervical
FAKLLAKALKKAL,Cervical
FAKLLAKALKKFL,Cervical
FAKLLAKALKKL,Cervical
FAKLLAKFLKKAL,Cervical
FAKLLAKKLL,Cervical
FAKLLAKLAK,Cervical
FAKLLAKLAKAKA,Cervical
FAKLLAKLAKAKG,Cervical
FAKLLAKLAKK,Cervical
FAKLLAKLAKKAA,Cervical
FAKLLAKLAKKAL,Cervical
FAKLLAKLAKKEL,Cervical
FAKLLAKLAKKGL,Cervical
FAKLLAKLAKKIL,Cervical
FAKLLAKLAKKL,Cervical
FAKLLAKLAKKSL,Cervical
FAKLLAKLAKKVL,Cervical
FALA,Cervical
FALALKA,Cervical
FALALKAKKL,Cervical
FALALKALKK,Cervical
FALALKALKKA,Cervical
FALALKALKKAL,Cervical
FALALKALKKL,Cervical
FALALKALKKLAKKLKKLAKKAL,Cervical
FALALKALKKLLKKLKKLAKKAL,Cervical
FALALKLAKKL,Cervical
FALALKLKKL,Cervical
FALKALKK,Cervical
FALKALKKAL,Cervical
FALKALKKLKKALKKAL,Cervical
FALLKL,Cervical
FGKGIGKVGKKLL,Cervical
FIFHIIKGLFHAGKMI,Cervical
FKVKFKVKVK,Cervical
GFFALIPKIISSPLFKTLLSAVGSALS,Cervical
GFGMALOLLOOVL,Cervical
GFIFHIIKGLFHAGKMIHGLV,Cervical
GFKMALKLLKKVL,Cervical
GIIKKIIIKKI,Cervical
GIIKKIIIKKIIIKKI,Cervical
GIIKKIIKKI,Cervical
GIIKKIIKKIIKKI,Cervical
GIIKKIIKKIIKKIIKKI,Cervical
GKFMSLLKHILK,Cervical
GKWKKILGHLIR,Cervical
GKWKKILGKLIR,Cervical
GKWMSLLKHIWK,Cervical
GKWSKILGKLIR,Cervical
GMWSKILGHLIK,Cervical
GMWSKILGHLKR,Cervical
GRKKRRQRRR,Cervical
KAKLAKKALAKLL,Cervical
KAKLF,Cervical
KFKKLAKKF,Cervical
KFKKLAKKW,Cervical
KKVVFKVKFK,Cervical
KMWSKILGHLIR,Cervical
KNWKKILGKIIKVVK,Cervical
KWKLF,Cervical
KWKSFAKTFKSAKKTVLHTALKAISS,Cervical
KWKSFLKTFKSAKKTVAHTAAKAISS,Cervical
KWKSFLKTFKSAKKTVAHTALKAISS,Cervical
KWKSFLKTFKSAKKTVLHTALKAISS,Cervical
KWKSFLKTFKSAKKTVLHTLLKAISS,Cervical
KWKSFLKTFKSLKKTVLHTLLKLISS,Cervical
LFGMALKLLKKVL,Cervical
LKKLAKLALAF,Cervical
LLRHVVKILEKYL,Cervical
LLRHVVKILSKYL,Cervical
NVWKKILGKIIKVVK,Cervical
RGDLLRHVVKILEKYL,Cervical
TRSSRAGLQWPVGRVHRLLRKGGC,Cervical
VAKKLAKLAKKLAKLAL,Cervical
VAKLLAKLAKKLL,Cervical
VALALKALKKALKKLKKALKKAL,Cervical
VALALKALKKL,Cervical
VNWKKILGKIIKVVK,Cervical
VNWKKILKKIIKVVK,Cervical
VNWKKILPKIIKVVK,Cervical
VNWOOILGOIIOVVO,Cervical
VYWKKILGKIIKVVK,Cervical
WALAL,Cervical
YGRKKRRQRRR,Cervical
AFGMALKLLKKVL,Colon
FAFGKGIGKVGKKLL,Colon
FAKALAKLAKKLL,Colon
FAKIIAKIAKKI,Colon
FAKKLAKALL,Colon
FAKKLAKKAKLAKKL,Colon
FAKKLAKKLAKAL,Colon
FAKKLAKKLAKLL,Colon
FAKKLAKKLKKLAKKLAK,Colon
FAKKLAKKLKKLAKKLAKLAKKL,Colon
FAKKLAKKLKKLAKKLAKLALAL,Colon
FAKKLAKKLKKLAKLALAL,Colon
FAKKLAKKLL,Colon
FAKKLAKLAKKALAL,Colon
FAKKLAKLAKKL,Colon
FAKKLAKLAKKLAKAL,Colon
FAKKLAKLALKLAKL,Colon
FAKKLKKLAKKL,Colon
FAKKLLAKALKL,Colon
FAKLA,Colon
FAKLAKKLL,Colon
FAKLF,Colon
FAKLLAKALKKAL,Colon
FAKLLAKALKKFL,Colon
FAKLLAKALKKL,Colon
FAKLLAKFLKKAL,Colon
FAKLLAKKLL,Colon
FAKLLAKLAK,Colon
FAKLLAKLAKAKA,Colon
FAKLLAKLAKAKG,Colon
FAKLLAKLAKK,Colon
FAKLLAKLAKKAA,Colon
FAKLLAKLAKKAL,Colon
FAKLLAKLAKKEL,Colon
FAKLLAKLAKKGL,Colon
FAKLLAKLAKKIL,Colon
FAKLLAKLAKKL,Colon
FAKLLAKLAKKSL,Colon
FAKLLAKLAKKVL,Colon
FALA,Colon
FALALKA,Colon
FALALKAKKL,Colon
FALALKALKK,Colon
FALALKALKKA,Colon
FALALKALKKAL,Colon
FALALKALKKLAKKLKKLAKKAL,Colon
FALALKALKKLLKKLKKLAKKAL,Colon
FALALKLAKKL,Colon
FALALKLKKL,Colon
FALKALKK,Colon
FALKALKKAL,Colon
FALKALKKLKKALKKAL,Colon
FALLKL,Colon
FGKGIGKVGKKLL,Colon
FKVKFKVKVK,Colon
FLGWLFKWAKK,Colon
GFGMALOLLOOVL,Colon
GFKMALKLLKKVL,Colon
GIGKFLHSAKKFGKAFVGEIMNS,Colon
GKFMSLLKHILK,Colon
GKWKKILGHLIR,Colon
GKWKKILGKLIR,Colon
GKWMSLLKHIWK,Colon
GKWSKILGKLIR,Colon
GLFAVIKKVAAVIKKL,Colon
GLFAVIKKVAKVIKKL,Colon
GLFAVIKKVASVIGGL,Colon
GLFAVIKKVASVIKGL,Colon
GLFAVIKKVASVIKKL,Colon
GLFDIVKKIAGHIAGSI,Colon
GLFDIVKKIAGHIASSI,Colon
GLFDVIKAVASVIGGL,Colon
GLFDVIKKVAAVIGGL,Colon
GLFDVIKKVASVIKGL,Colon
GLFDVIKKVASVIKKL,Colon
GLFKVIKKVASVIGGL,Colon
GMWSKILGHLIK,Colon
GMWSKILGHLKR,Colon
KAAKKAWKAAKKAAKWWKKAA,Colon
KAAKKWAKAWKKAAKAWKKAA,Colon
KAKLAKKALAKLL,Colon
KAKLF,Colon
KFKKLAKKF,Colon
KFKKLAKKW,Colon
KKVVFKVKFK,Colon
KMWSKILGHLIR,Colon
KNWKKILGKIIKVVK,Colon
KWKKLAKKW,Colon
KWKLF,Colon
KWKVFKKIEKMGRNIRNGIVKAGPAIAVLGEAKAL,Colon
LFGMALKLLKKVL,Colon
LKKLAKLALAF,Colon
LTFEHYWAQLTS,Colon
NVWKKILGKIIKVVK,Colon
PAARKAFRWAWRMLKKAA,Colon
PAWFKARRWAWRMKKLAA,Colon
PAWRKAARWAWRMLKKAA,Colon
PAWRKAFRAAWRMLKKAA,Colon
PAWRKAFRKAWRMLKKAA,Colon
PAWRKAFRWAKRMLKKAA,Colon
PAWRKAFRWAWRMKKLAA,Colon
PAWRKAFRWAWRMLKKAA,Colon
PAWRKARRWAWRMKKLAA,Colon
PDEDAINNALNKVCSTGRRQRSICKQLLKK,Colon
PEWFKCRRWQWRMKKLGA,Colon
PPPEE,Colon
PRAWEYWLRLME,Colon
PRFWEAWLRLME,Colon
PRFWEYALRLME,Colon
PRFWEYWLALME,Colon
PRFWEYWLRAME,Colon
PRFWEYWLRLAE,Colon
QETFSDLWKLLP,Colon
RWRWRWRW,Colon
RYLGYL,Colon
VAKFLAKFLKKAL,Colon
VAKKFAKKFKKFAKKFAKFAFAF,Colon
VAKKLAKLAKKLAKLAL,Colon
VAKLLAKLAKKLL,Colon
VALALKALKKALKKLKKALKKAL,Colon
VALALKALKKL,Colon
VNWKKILGKIIKVVK,Colon
VNWKKILKKIIKVVK,Colon
VNWKKILPKIIKVVK,Colon
VNWOOILGOIIOVVO,Colon
VYWKKILGKIIKVVK,Colon
WALAL,Colon
WRWRWRWRW,Colon
YPFPG,Colon
FAFGKGIGKVGKKLL,Lung
FAGLAANFLPTIICKISYKC,Lung
FAKALAKLAKKLL,Lung
FAKIIAKIAKKI,Lung
FAKKLAKALL,Lung
FAKKLAKKAKLAKKL,Lung
FAKKLAKKLAKAL,Lung
FAKKLAKKLAKLL,Lung
FAKKLAKKLKKLAKKLAK,Lung
FAKKLAKKLKKLAKKLAKLAKKL,Lung
FAKKLAKKLKKLAKKLAKLALAL,Lung
FAKKLAKKLKKLAKLALAL,Lung
FAKKLAKKLL,Lung
FAKKLAKLAKKALAL,Lung
FAKKLAKLAKKL,Lung
FAKKLAKLAKKLAKAL,Lung
FAKKLAKLALKLAKL,Lung
FAKKLKKLAKKL,Lung
FAKKLLAKALKL,Lung
FAKLA,Lung
FAKLAKKLL,Lung
FAKLF,Lung
FAKLLAKALKKAL,Lung
FAKLLAKALKKFL,Lung
FAKLLAKALKKL,Lung
FAKLLAKFLKKAL,Lung
FAKLLAKKLL,Lung
FAKLLAKLAK,Lung
FAKLLAKLAKAKA,Lung
FAKLLAKLAKAKG,Lung
FAKLLAKLAKK,Lung
FAKLLAKLAKKAA,Lung
FAKLLAKLAKKAL,Lung
FAKLLAKLAKKEL,Lung
FAKLLAKLAKKGL,Lung
FAKLLAKLAKKIL,Lung
FAKLLAKLAKKL,Lung
FAKLLAKLAKKSL,Lung
FAKLLAKLAKKVL,Lung
FALA,Lung
FALALKA,Lung
FALALKAKKL,Lung
FALALKALKK,Lung
FALALKALKKA,Lung
FALALKALKKAL,Lung
FALALKALKKL,Lung
FALALKALKKLAKKLKKLAKKAL,Lung
FALALKALKKLLKKLKKLAKKAL,Lung
FALALKLAKKL,Lung
FALALKLKKL,Lung
FALKALKK,Lung
FALKALKKAL,Lung
FALKALKKLKKALKKAL,Lung
FALLKL,Lung
FGKGIGKVGKKLL,Lung
FKVKFKVKVK,Lung
FLGWLFKWAKK,Lung
GIGKFLHSAKKFGKAFVGEIMNS,Lung
GLFAVIKKVAAVIKKL,Lung
GLFAVIKKVAKVIKKL,Lung
GLFAVIKKVASVIGGL,Lung
GLFAVIKKVASVIKGL,Lung
GLFAVIKKVASVIKKL,Lung
GLFDIVKKIAGHIAGSI,Lung
GLFDIVKKIAGHIASSI,Lung
GLFDVIKAVASVIGGL,Lung
GLFDVIKKVAAVIGGL,Lung
GLFDVIKKVASVIKGL,Lung
GLFDVIKKVASVIKKL,Lung
GLFKVIKKVASVIGGL,Lung
GLLSVLGSVAKHVLPHVVPVIAEHL,Lung
GLLSVLGSVAKHVLPHVVPVIAEKL,Lung
KAKLAKKALAKLL,Lung
KAKLF,Lung
KFKKLAKKF,Lung
KFKKLAKKW,Lung
KKVVFKVKFK,Lung
KLLLKLKLKLLK,Lung
KLLLKLLKKLLKLLKKK,Lung
KLLRLLKKLLRLLLK,Lung
KQLIRFLKRLDRNGGGKLLLKLLKKLLKLLKKK,Lung
KVKVKVKVPPTKVKVKVK,Lung
KWKLF,Lung
KWKLFKKIGIGKFLHLAKKF,Lung
KWKLFKKIGPGKFLHSAKKF,Lung
KWKLFKKIPKFLHSAKKF,Lung
KWKSFAKTFKSAKKTVLHTALKAISS,Lung
KWKSFLKTFKSAKKTVAHTAAKAISS,Lung
KWKSFLKTFKSAKKTVAHTALKAISS,Lung
KWKSFLKTFKSAKKTVLHTALKAISS,Lung
KWKSFLKTFKSAKKTVLHTLLKAISS,Lung
KWKSFLKTFKSLKKTVLHTLLKLISS,Lung
LKKLAKLALAF,Lung
LLAGLAANFLPTIICKISYKC,Lung
LLRHVVKILEKYL,Lung
LLRHVVKILSKYL,Lung
RGDLLRHVVKILEKYL,Lung
VAKKLAKLAKKLAKLAL,Lung
VAKLLAKLAKKLL,Lung
VALALKALKKALKKLKKALKKAL,Lung
VALALKALKKL,Lung
WALAL,Lung
DDALRRLLRRLLRRL,Prostate
ERRP,Prostate
FAFGKGIGKVGKKLL,Prostate
FAKALAKLAKKLL,Prostate
FAKIIAKIAKKI,Prostate
FAKKLAKALL,Prostate
FAKKLAKKAKLAKKL,Prostate
FAKKLAKKLAKAL,Prostate
FAKKLAKKLAKLL,Prostate
FAKKLAKKLKKLAKKLAK,Prostate
FAKKLAKKLKKLAKKLAKLAKKL,Prostate
FAKKLAKKLKKLAKKLAKLALAL,Prostate
FAKKLAKKLKKLAKLALAL,Prostate
FAKKLAKKLL,Prostate
FAKKLAKLAKKALAL,Prostate
FAKKLAKLAKKL,Prostate
FAKKLAKLAKKLAKAL,Prostate
FAKKLAKLALKLAKL,Prostate
FAKKLKKLAKKL,Prostate
FAKKLLAKALKL,Prostate
FAKLA,Prostate
FAKLAKKLL,Prostate
FAKLF,Prostate
FAKLLAKALKKAL,Prostate
FAKLLAKALKKFL,Prostate
FAKLLAKALKKL,Prostate
FAKLLAKFLKKAL,Prostate
FAKLLAKKLL,Prostate
FAKLLAKLAK,Prostate
FAKLLAKLAKAKA,Prostate
FAKLLAKLAKAKG,Prostate
FAKLLAKLAKK,Prostate
FAKLLAKLAKKAA,Prostate
FAKLLAKLAKKAL,Prostate
FAKLLAKLAKKEL,Prostate
FAKLLAKLAKKGL,Prostate
FAKLLAKLAKKIL,Prostate
FAKLLAKLAKKL,Prostate
FAKLLAKLAKKSL,Prostate
FAKLLAKLAKKVL,Prostate
FALA,Prostate
FALALKA,Prostate
FALALKAKKL,Prostate
FALALKALKK,Prostate
FALALKALKKA,Prostate
FALALKALKKAL,Prostate
FALALKALKKL,Prostate
FALALKALKKLAKKLKKLAKKAL,Prostate
FALALKALKKLLKKLKKLAKKAL,Prostate
FALALKLAKKL,Prostate
FALALKLKKL,Prostate
FALKALKK,Prostate
FALKALKKAL,Prostate
FALKALKKLKKALKKAL,Prostate
FALLKL,Prostate
FGKGIGKVGKKLL,Prostate
FKVKFKVKVK,Prostate
FLGWLFKWAKK,Prostate
GIGKFLHSAKKFGKAFVGEIMNS,Prostate
GLFAVIKKVAAVIKKL,Prostate
GLFAVIKKVAKVIKKL,Prostate
GLFAVIKKVASVIGGL,Prostate
GLFAVIKKVASVIKGL,Prostate
GLFAVIKKVASVIKKL,Prostate
GLFDIVKKIAGHIAGSI,Prostate
GLFDIVKKIAGHIASSI,Prostate
GLFDVIKAVASVIGGL,Prostate
GLFDVIKKVAAVIGGL,Prostate
GLFDVIKKVASVIKGL,Prostate
GLFDVIKKVASVIKKL,Prostate
GLFKVIKKVASVIGGL,Prostate
KAKLAKKALAKLL,Prostate
KAKLF,Prostate
KFKKLAKKF,Prostate
KFKKLAKKW,Prostate
KKVVFKVKFK,Prostate
KLLLKLLKKLLKLLKKK,Prostate
KWKLF,Prostate
LKKLAKLALAF,Prostate
LKKLLKKLLKKL,Prostate
LLGDFFRKSKEK,Prostate
LRRLLRRLLRRL,Prostate
RRRRRNWMWC,Prostate
RRRRRWCMNW,Prostate
THRPPMWSPVWPGGGKLLLKLLKKLLKLLKKK,Prostate
VAKKLAKLAKKLAKLAL,Prostate
VAKLLAKLAKKLL,Prostate
VALALKALKKALKKLKKALKKAL,Prostate
VALALKALKKL,Prostate
WALAL,Prostate
FAFGKGIGKVGKKLL,Skin
FAKALAKLAKKLL,Skin
FAKIIAKIAKKI,Skin
FAKKLAKALL,Skin
FAKKLAKKAKLAKKL,Skin
FAKKLAKKLAKAL,Skin
FAKKLAKKLAKLL,Skin
FAKKLAKKLKKLAKKLAK,Skin
FAKKLAKKLKKLAKKLAKLAKKL,Skin
FAKKLAKKLKKLAKKLAKLALAL,Skin
FAKKLAKKLKKLAKLALAL,Skin
FAKKLAKKLL,Skin
FAKKLAKLAKKALAL,Skin
FAKKLAKLAKKL,Skin
FAKKLAKLAKKLAKAL,Skin
FAKKLAKLALKLAKL,Skin
FAKKLKKLAKKL,Skin
FAKKLLAKALKL,Skin
FAKLA,Skin
FAKLAKKLL,Skin
FAKLF,Skin
FAKLLAKALKKAL,Skin
FAKLLAKALKKFL,Skin
FAKLLAKALKKL,Skin
FAKLLAKFLKKAL,Skin
FAKLLAKKLL,Skin
FAKLLAKLAK,Skin
FAKLLAKLAKAKA,Skin
FAKLLAKLAKAKG,Skin
FAKLLAKLAKK,Skin
FAKLLAKLAKKAA,Skin
FAKLLAKLAKKAL,Skin
FAKLLAKLAKKEL,Skin
FAKLLAKLAKKGL,Skin
FAKLLAKLAKKIL,Skin
FAKLLAKLAKKL,Skin
FAKLLAKLAKKSL,Skin
FAKLLAKLAKKVL,Skin
FALA,Skin
FALALKA,Skin
FALALKAKKL,Skin
FALALKALKK,Skin
FALALKALKKA,Skin
FALALKALKKAL,Skin
FALALKALKKL,Skin
FALALKALKKLAKKLKKLAKKAL,Skin
FALALKALKKLLKKLKKLAKKAL,Skin
FALALKLAKKL,Skin
FALALKLKKL,Skin
FALKALKK,Skin
FALKALKKAL,Skin
FALKALKKLKKALKKAL,Skin
FALLKL,Skin
FGKGIGKVGKKLL,Skin
FKVKFKVKVK,Skin
FLGWLFKWAKK,Skin
GLFAVIKKVAAVIKKL,Skin
GLFAVIKKVAKVIKKL,Skin
GLFAVIKKVASVIGGL,Skin
GLFAVIKKVASVIKGL,Skin
GLFAVIKKVASVIKKL,Skin
GLFDIVKKIAGHIAGSI,Skin
GLFDIVKKIAGHIASSI,Skin
GLFDVIKAVASVIGGL,Skin
GLFDVIKKVAAVIGGL,Skin
GLFDVIKKVASVIKGL,Skin
GLFDVIKKVASVIKKL,Skin
GLFKVIKKVASVIGGL,Skin
GLLGLLGSVVSHVLPAITQHL,Skin
KAAKKAWKAAKKAAKWWKKAA,Skin
KAAKKWAKAAKKAAKAWKKAA,Skin
KAAKKWAKAWKKAAKAWKKAA,Skin
KAKLAKKALAKLL,Skin
KAKLF,Skin
KFKKLAKKF,Skin
KFKKLAKKW,Skin
KILRGVAKKILRTFLRRISKDILTGKK,Skin
KILRGVAKKIMRTFLRRISKDILTGKK,Skin
KISKRILTGKK,Skin
KKVVFKVKFK,Skin
KLLLKLKLKLLK,Skin
KLLRLLKKLLRLLLK,Skin
KWKLF,Skin
KWKSFAKTFKSAKKTVLHTALKAISS,Skin
KWKSFLKTFKSAKKTVAHTAAKAISS,Skin
KWKSFLKTFKSAKKTVAHTALKAISS,Skin
KWKSFLKTFKSAKKTVLHTALKAISS,Skin
KWKSFLKTFKSAKKTVLHTLLKAISS,Skin
KWKSFLKTFKSLKKTVLHTLLKLISS,Skin
LKKLAKLALAF,Skin
PAARKAFRWAWRMLKKAA,Skin
PAWFKARRWAWRMKKLAA,Skin
PAWRKAARWAWRMLKKAA,Skin
PAWRKAFRAAWRMLKKAA,Skin
PAWRKAFRKAWRMLKKAA,Skin
PAWRKAFRWAKRMLKKAA,Skin
PAWRKAFRWAWRMKKLAA,Skin
PAWRKAFRWAWRMLKKAA,Skin
PAWRKARRWAWRMKKLAA,Skin
PEWFKCRRWQWRMKKLGA,Skin
VAKALKALLKALKAL,Skin
VAKFLAKFLKKAL,Skin
VAKKFAKKFKKFAKKFAKFAFAF,Skin
VAKKLAKLAKKLAKLAL,Skin
VAKKLAKLAKKLAKLALAL,Skin
VAKKLAKLAKKLLAL,Skin
VAKLLAKLAKKLL,Skin
VALALKALKKALKKLKKALKKAL,Skin
VALALKALKKL,Skin
WALAL,Skin
YSL,Skin